title,total_salary_paid,average_salary_male,average_salary_female,gender_ratio,average_years_spent
"Assistant Engineer",280918433,68129.5059,67127.2539,157.4178,13.01424008
Engineer,2157337650,68051.8024,67714.6861,151.3770,13.02410312
Manager,1909110,84783.4545,75114.7692,84.6154,16.14053750
"Senior Engineer",2074773129,70911.4037,70745.4726,150.7148,13.66080719
"Senior Staff",2240356700,80564.7392,80608.8749,147.4809,13.60270571
Staff,2263917346,77454.0630,77428.6807,149.5987,12.90802566
"Technique Leader",281641886,67525.7515,67242.1504,146.4897,12.84167092
